{
  "n_components": 20,
  "variance_explained": [
    0.18572647869586945,
    0.11388740688562393,
    0.08536575734615326,
    0.08397161215543747,
    0.06234951317310333,
    0.05073344707489014,
    0.03716198354959488,
    0.03249021992087364,
    0.029988842085003853,
    0.027767717838287354,
    0.022078216075897217,
    0.0201644878834486,
    0.0171370692551136,
    0.014698190614581108,
    0.012844271957874298,
    0.011670058593153954,
    0.010607057251036167,
    0.00991244800388813,
    0.00891369953751564,
    0.008176121860742569
  ],
  "cumulative_variance": [
    0.18572647869586945,
    0.299613893032074,
    0.3849796652793884,
    0.4689512848854065,
    0.5313007831573486,
    0.5820342302322388,
    0.6191962361335754,
    0.651686429977417,
    0.6816752552986145,
    0.7094429731369019,
    0.7315211892127991,
    0.7516856789588928,
    0.7688227295875549,
    0.7835209369659424,
    0.7963652014732361,
    0.8080352544784546,
    0.8186423182487488,
    0.8285547494888306,
    0.8374684453010559,
    0.8456445932388306
  ]
}