{
  "حم": {
    "surah_ids": [
      40,
      41,
      42,
      43,
      44,
      45,
      46
    ],
    "names": [
      "Ghafir",
      "Fussilat",
      "Ash-Shuraa",
      "Az-Zukhruf",
      "Ad-Dukhan",
      "Al-Jathiyah",
      "Al-Ahqaf"
    ],
    "distinctive_words": [
      [
        "يجدلون",
        2.50875786561018,
        4
      ],
      [
        "لحميم",
        2.257443437329274,
        3
      ],
      [
        "أعدا",
        2.257443437329274,
        3
      ],
      [
        "وحاق",
        2.1986029373063407,
        4
      ],
      [
        "يجحدون",
        2.1986029373063407,
        4
      ],
      [
        "كبر",
        2.090389352666108,
        3
      ],
      [
        "وبما",
        2.090389352666108,
        3
      ],
      [
        "قرءانا",
        2.090389352666108,
        3
      ],
      [
        "لبصير",
        1.9622141592421105,
        4
      ],
      [
        "عربي",
        1.9622141592421105,
        4
      ],
      [
        "يسبحون",
        1.9472885090254346,
        3
      ],
      [
        "جعلنه",
        1.9472885090254346,
        3
      ],
      [
        "كذاب",
        1.9209712007080613,
        2
      ],
      [
        "أتىهم",
        1.9209712007080613,
        2
      ],
      [
        "مثلها",
        1.9209712007080613,
        2
      ]
    ]
  },
  "الر": {
    "surah_ids": [
      10,
      11,
      12,
      14,
      15
    ],
    "names": [
      "Yunus",
      "Hud",
      "Yusuf",
      "Ibrahim",
      "Al-Hijr"
    ],
    "distinctive_words": [
      [
        "أبانا",
        2.4109673543657233,
        7
      ],
      [
        "قميصه",
        2.4109673543657233,
        5
      ],
      [
        "لسجن",
        2.4109673543657233,
        6
      ],
      [
        "يوسف",
        2.363339305376469,
        20
      ],
      [
        "ئتوني",
        2.210296658903572,
        4
      ],
      [
        "توبو",
        2.210296658903572,
        4
      ],
      [
        "ويقوم",
        2.174578576301493,
        7
      ],
      [
        "هود",
        2.0432425742404057,
        4
      ],
      [
        "تأويل",
        2.0432425742404057,
        4
      ],
      [
        "يعبد",
        1.9756492831078778,
        5
      ],
      [
        "نتظرو",
        1.958982230622666,
        3
      ],
      [
        "يتبع",
        1.958982230622666,
        3
      ],
      [
        "لبشرى",
        1.958982230622666,
        3
      ],
      [
        "لحكمين",
        1.958982230622666,
        3
      ],
      [
        "يعقوب",
        1.958982230622666,
        3
      ]
    ]
  },
  "الم": {
    "surah_ids": [
      2,
      3,
      29,
      30,
      31,
      32
    ],
    "names": [
      "Al-Baqarah",
      "Ali 'Imran",
      "Al-'Ankabut",
      "Ar-Rum",
      "Luqman",
      "As-Sajdah"
    ],
    "distinctive_words": [
      [
        "إبرهـم",
        1.8358088227043785,
        15
      ],
      [
        "شتروا",
        1.6927079790637052,
        6
      ],
      [
        "وجهك",
        1.6927079790637052,
        6
      ],
      [
        "إيمنكم",
        1.6687547380412124,
        5
      ],
      [
        "يظنون",
        1.6351381272422274,
        4
      ],
      [
        "ويقتلون",
        1.6351381272422274,
        4
      ],
      [
        "يأمركم",
        1.6351381272422274,
        4
      ],
      [
        "لربوا",
        1.6351381272422274,
        4
      ],
      [
        "يمريم",
        1.6351381272422274,
        4
      ],
      [
        "لحج",
        1.5994200446401483,
        7
      ],
      [
        "تفعلوا",
        1.5675448361096993,
        6
      ],
      [
        "نـصرين",
        1.525653894400539,
        5
      ],
      [
        "مسلمون",
        1.5130354304413276,
        10
      ],
      [
        "لتواب",
        1.468084042579061,
        4
      ],
      [
        "نعمتي",
        1.468084042579061,
        4
      ]
    ]
  },
  "طس": {
    "surah_ids": [
      26,
      27,
      28
    ],
    "names": [
      "Ash-Shu'ara",
      "An-Naml",
      "Al-Qasas"
    ],
    "distinctive_words": [
      [
        "أءله",
        3.0010593059795285,
        5
      ],
      [
        "وأطيعون",
        2.698778434106595,
        8
      ],
      [
        "مطر",
        2.490233682213538,
        4
      ],
      [
        "لمنذرين",
        2.490233682213538,
        4
      ],
      [
        "أجري",
        2.454515599611459,
        5
      ],
      [
        "أمين",
        2.4305144475119156,
        6
      ],
      [
        "بيضا",
        2.3820200975733052,
        3
      ],
      [
        "لسحرة",
        2.365070539259532,
        4
      ],
      [
        "سليمن",
        2.354432141054476,
        5
      ],
      [
        "مسلمين",
        2.253844904149308,
        4
      ],
      [
        "وجنوده",
        2.238919253932632,
        3
      ],
      [
        "يتذكرون",
        2.238919253932632,
        3
      ],
      [
        "فأرسل",
        2.2126019456152584,
        2
      ],
      [
        "فينا",
        2.2126019456152584,
        2
      ],
      [
        "حوله",
        2.2126019456152584,
        2
      ]
    ]
  }
}