{
  "n_ayahs": 6236,
  "n_topics": 15,
  "metrics": {
    "novelty": {
      "mean": 0.08676586545301294,
      "std": 0.05892222233013375,
      "at_boundaries": 0.1622391174324846,
      "elsewhere": 0.08538695143664128,
      "boundary_ratio": 1.9000457880601236
    },
    "coherence": {
      "mean": 0.8550209947948352,
      "std": 0.06406349310911827
    },
    "shift": {
      "mean": 0.13771223072786987,
      "std": 0.08735231515492099
    },
    "magnitude": {
      "mean": 1.587084412574768,
      "std": 0.12987707555294037
    }
  },
  "meccan_vs_medinan": {
    "meccan": {
      "n": 4613,
      "novelty": 0.09446126934558431,
      "coherence": 0.8432683503320257
    },
    "medinan": {
      "n": 1623,
      "novelty": 0.06489346979285784,
      "coherence": 0.8884251530862339
    }
  }
}