{
  "novelty": [
    0.10847828576916792,
    0.13355113565921783,
    0.13950665295124054,
    0.1336539387702942,
    0.1380387842655182,
    0.13729587197303772,
    0.13196951150894165,
    0.1376495510339737,
    0.14335884153842926,
    0.135720893740654
  ],
  "centroid_dist": [
    0.08492515981197357,
    0.07823337614536285,
    0.07749851047992706,
    0.0748254582285881,
    0.07472627609968185,
    0.07510601729154587,
    0.0745467022061348,
    0.0751866027712822,
    0.08043483644723892,
    0.07596586644649506
  ],
  "first_sim": [
    0.8180289268493652,
    0.7680822014808655,
    0.7685507535934448,
    0.7635270357131958,
    0.761257529258728,
    0.7638228535652161,
    0.761344313621521,
    0.7615045309066772,
    0.756922721862793,
    0.7643113732337952
  ],
  "last_sim": [
    0.8502837419509888,
    0.8572694659233093,
    0.8600578904151917,
    0.8632632493972778,
    0.8590025305747986,
    0.8611278533935547,
    0.8612245321273804,
    0.8610000610351562,
    0.862170934677124,
    0.8925662040710449
  ]
}