{
  "arc_profile": {
    "novelty": [
      0.10847828576916792,
      0.13355113565921783,
      0.13950665295124054,
      0.1336539387702942,
      0.1380387842655182,
      0.13729587197303772,
      0.13196951150894165,
      0.1376495510339737,
      0.14335884153842926,
      0.135720893740654
    ],
    "centroid_dist": [
      0.08492515981197357,
      0.07823337614536285,
      0.07749851047992706,
      0.0748254582285881,
      0.07472627609968185,
      0.07510601729154587,
      0.0745467022061348,
      0.0751866027712822,
      0.08043483644723892,
      0.07596586644649506
    ],
    "first_sim": [
      0.8180289268493652,
      0.7680822014808655,
      0.7685507535934448,
      0.7635270357131958,
      0.761257529258728,
      0.7638228535652161,
      0.761344313621521,
      0.7615045309066772,
      0.756922721862793,
      0.7643113732337952
    ],
    "last_sim": [
      0.8502837419509888,
      0.8572694659233093,
      0.8600578904151917,
      0.8632632493972778,
      0.8590025305747986,
      0.8611278533935547,
      0.8612245321273804,
      0.8610000610351562,
      0.862170934677124,
      0.8925662040710449
    ]
  },
  "bookend_analysis": {
    "first_last_mean": 0.7984499931335449,
    "first_last_std": 0.14885537326335907,
    "random_mean": 0.8384850025177002,
    "random_std": 0.0939929261803627,
    "ratio": 0.9522531628608704,
    "n_surahs": 109
  },
  "meccan_novelty_arc": [
    0.11478921305004952,
    0.14087441377341747,
    0.1458111402803454,
    0.1460427040428058,
    0.1511908769607544,
    0.14702155277964382,
    0.13811874071757,
    0.14575879850931334,
    0.15410066944988152,
    0.14518798730237698
  ],
  "medinan_novelty_arc": [
    0.09054196612876758,
    0.11291700001782591,
    0.12144932334805712,
    0.0983259743259799,
    0.10149595820451085,
    0.10949117237804858,
    0.11434433035030486,
    0.11453816704452038,
    0.11293483705994506,
    0.10895185395218861
  ]
}